{
	"_type": "bookcopies",
	"id": "bookcopies",
	"href": "/library/bookcopies",
	"links": [
		{
			"rel": "collection/bookcopies",
			"href": "/library/bookcopies"
		}
	],

	"operations": [
		{
			"rel": "GET",
			"method": "GET",
			"href": "/library/bookcopies/{bookcopieId}",
			"description": "List information of a bookcopie",
			"parameters": [
				{
					"name": "bookcopieId",
					"description": "Id of a book copie to list",
					"required": "true",
					"type": "integer"
				}
			],
			"responses": [
				{
					"code": "200",
					"description": "Rerturns a book copie location",
					"return": "string",
				},
				{
					"code": "404",
					"description": "Book copie not found"
				}
			]
		},
		{
			"rel": "POST",
			"method": "POST",
			"href": "/library/bookcopies",
			"description": "Add a new book copie to the library",
			"parameters": [
				{
					"name": "token",
					"description": "valid login token",
					"required": "true",
					"type": "string"
				},
				{
					"name": "bookcopie",
					"description": "Book copie object to be added to the library",
					"required": "true",
					"type": "object",
					"link": "/library/definitions/bookcopie"
				}
			],
			"responses": [
				{
					"code": "200",
					"description": "Bookcopie added",
				},
				{
					"code": "405",
					"description": "Invalid input"
				}
			]
		},
		{
			"rel": "PUT",
			"method": "PUT",
			"href": "/library/bookcopies/{bookcopieId}",
			"description": "Updates information of a book copie",
			"parameters": [
				{
					"name": "token",
					"description": "valid login token",
					"required": "true",
					"type": "string"
				},
				{
					"name": "bookcopieId",
					"description": "Id of a bookcopie to update",
					"required": "true",
					"type": "integer"
				},
				{
					"name": "location",
					"description": "Location to update for a book copie",
					"required": "true",
					"type": "string"
				}
			],
			"responses": [
				{
					"code": "200",
					"description": "Book copie updated",
				},
				{
					"code": "404",
					"description": "Book copie not found"
				},
				{
					"code": "405",
					"description": "Invalid input"
				}
			]
		},
		{
			"rel": "DELETE",
			"method": "DELETE",
			"href": "/library/bookcopies/{bookcopieId}",
			"description": "Updates information of a bookcopie",
			"parameters": [
				{
					"name": "token",
					"description": "valid login token",
					"required": "true",
					"type": "string"
				},
				{
					"name": "bookcopieId",
					"description": "Id of a book copie to delete",
					"required": "true",
					"type": "integer"
				}
			],
			"responses": [
				{
					"code": "200",
					"description": "Book copie deleted",
				},
				{
					"code": "404",
					"description": "Book copie not found"
				},
				{
					"code": "405",
					"description": "Invalid input"
				}
			]
		}
	]
}